[
  {
    "id": "P0001",
    "name": "CarryAll Shoes 100",
    "brand": "CarryAll",
    "category": "shoes",
    "price": 9332,
    "rating": 3.4,
    "colorHex": "#e92176",
    "image": "https://source.unsplash.com/featured/600x600?shoes,sneakers&sig=1",
    "stock": 20
  },
  {
    "id": "P0002",
    "name": "NovaWalk Shoes 101",
    "brand": "NovaWalk",
    "category": "shoes",
    "price": 917,
    "rating": 3.4,
    "colorHex": "#eb4336",
    "image": "https://source.unsplash.com/featured/600x600?shoes,sneakers&sig=2",
    "stock": 10
  },
  {
    "id": "P0003",
    "name": "StrideX Shoes 102",
    "brand": "StrideX",
    "category": "shoes",
    "price": 2441,
    "rating": 3.4,
    "colorHex": "#55db18",
    "image": "https://source.unsplash.com/featured/600x600?shoes,sneakers&sig=3",
    "stock": 8
  },
  {
    "id": "P0004",
    "name": "UrbanTrail Shoes 103",
    "brand": "UrbanTrail",
    "category": "shoes",
    "price": 3478,
    "rating": 3.8,
    "colorHex": "#347242",
    "image": "https://source.unsplash.com/featured/600x600?shoes,sneakers&sig=4",
    "stock": 0
  },
  {
    "id": "P0005",
    "name": "BagSmith Shoes 104",
    "brand": "BagSmith",
    "category": "shoes",
    "price": 4493,
    "rating": 4.3,
    "colorHex": "#ac7d33",
    "image": "https://source.unsplash.com/featured/600x600?shoes,sneakers&sig=5",
    "stock": 7
  },
  {
    "id": "P0006",
    "name": "MetroGear Shoes 105",
    "brand": "MetroGear",
    "category": "shoes",
    "price": 4185,
    "rating": 3.1,
    "colorHex": "#953349",
    "image": "https://source.unsplash.com/featured/600x600?shoes,sneakers&sig=6",
    "stock": 6
  },
  {
    "id": "P0007",
    "name": "BagSmith Shoes 106",
    "brand": "BagSmith",
    "category": "shoes",
    "price": 9121,
    "rating": 4.7,
    "colorHex": "#bc8f16",
    "image": "https://source.unsplash.com/featured/600x600?shoes,sneakers&sig=7",
    "stock": 13
  },
  {
    "id": "P0008",
    "name": "StrideX Shoes 107",
    "brand": "StrideX",
    "category": "shoes",
    "price": 9060,
    "rating": 4.4,
    "colorHex": "#3a2889",
    "image": "https://source.unsplash.com/featured/600x600?shoes,sneakers&sig=8",
    "stock": 15
  },
  {
    "id": "P0009",
    "name": "TrekMate Shoes 108",
    "brand": "TrekMate",
    "category": "shoes",
    "price": 3455,
    "rating": 4.1,
    "colorHex": "#d7396a",
    "image": "https://source.unsplash.com/featured/600x600?shoes,sneakers&sig=9",
    "stock": 5
  },
  {
    "id": "P0010",
    "name": "BagSmith Shoes 109",
    "brand": "BagSmith",
    "category": "shoes",
    "price": 7285,
    "rating": 4.8,
    "colorHex": "#32ae50",
    "image": "https://source.unsplash.com/featured/600x600?shoes,sneakers&sig=10",
    "stock": 1
  },
  {
    "id": "P0011",
    "name": "PeakPro Shoes 110",
    "brand": "PeakPro",
    "category": "shoes",
    "price": 3539,
    "rating": 4.7,
    "colorHex": "#87d2e4",
    "image": "https://source.unsplash.com/featured/600x600?shoes,sneakers&sig=11",
    "stock": 12
  },
  {
    "id": "P0012",
    "name": "CarryAll Shoes 111",
    "brand": "CarryAll",
    "category": "shoes",
    "price": 5013,
    "rating": 4.7,
    "colorHex": "#b5c892",
    "image": "https://source.unsplash.com/featured/600x600?shoes,sneakers&sig=12",
    "stock": 3
  },
  {
    "id": "P0013",
    "name": "MetroGear Shoes 112",
    "brand": "MetroGear",
    "category": "shoes",
    "price": 9412,
    "rating": 4.6,
    "colorHex": "#8d6a9a",
    "image": "https://source.unsplash.com/featured/600x600?shoes,sneakers&sig=13",
    "stock": 8
  },
  {
    "id": "P0014",
    "name": "SkyHold Shoes 113",
    "brand": "SkyHold",
    "category": "shoes",
    "price": 3067,
    "rating": 4.2,
    "colorHex": "#34af53",
    "image": "https://source.unsplash.com/featured/600x600?shoes,sneakers&sig=14",
    "stock": 5
  },
  {
    "id": "P0015",
    "name": "UrbanTrail Bag 100",
    "brand": "UrbanTrail",
    "category": "bag",
    "price": 7935,
    "rating": 3.4,
    "colorHex": "#df3ba1",
    "image": "https://source.unsplash.com/featured/600x600?bag,shoulderbag&sig=15",
    "stock": 10
  },
  {
    "id": "P0016",
    "name": "MetroGear Bag 101",
    "brand": "MetroGear",
    "category": "bag",
    "price": 4095,
    "rating": 3.9,
    "colorHex": "#a943b9",
    "image": "https://source.unsplash.com/featured/600x600?bag,shoulderbag&sig=16",
    "stock": 25
  },
  {
    "id": "P0017",
    "name": "TrekMate Bag 102",
    "brand": "TrekMate",
    "category": "bag",
    "price": 8533,
    "rating": 3.4,
    "colorHex": "#e67cd3",
    "image": "https://source.unsplash.com/featured/600x600?bag,shoulderbag&sig=17",
    "stock": 2
  },
  {
    "id": "P0018",
    "name": "BagSmith Bag 103",
    "brand": "BagSmith",
    "category": "bag",
    "price": 1611,
    "rating": 4.6,
    "colorHex": "#558192",
    "image": "https://source.unsplash.com/featured/600x600?bag,shoulderbag&sig=18",
    "stock": 17
  },
  {
    "id": "P0019",
    "name": "BagSmith Bag 104",
    "brand": "BagSmith",
    "category": "bag",
    "price": 4074,
    "rating": 3.6,
    "colorHex": "#88d1c4",
    "image": "https://source.unsplash.com/featured/600x600?bag,shoulderbag&sig=19",
    "stock": 0
  },
  {
    "id": "P0020",
    "name": "UrbanTrail Bag 105",
    "brand": "UrbanTrail",
    "category": "bag",
    "price": 9502,
    "rating": 3.8,
    "colorHex": "#6b4334",
    "image": "https://source.unsplash.com/featured/600x600?bag,shoulderbag&sig=20",
    "stock": 24
  },
  {
    "id": "P0021",
    "name": "UrbanTrail Bag 106",
    "brand": "UrbanTrail",
    "category": "bag",
    "price": 5116,
    "rating": 3.8,
    "colorHex": "#e13aa4",
    "image": "https://source.unsplash.com/featured/600x600?bag,shoulderbag&sig=21",
    "stock": 19
  },
  {
    "id": "P0022",
    "name": "LuxCarry Bag 107",
    "brand": "LuxCarry",
    "category": "bag",
    "price": 964,
    "rating": 3.5,
    "colorHex": "#adb4a9",
    "image": "https://source.unsplash.com/featured/600x600?bag,shoulderbag&sig=22",
    "stock": 19
  },
  {
    "id": "P0023",
    "name": "StrideX Bag 108",
    "brand": "StrideX",
    "category": "bag",
    "price": 2738,
    "rating": 3.0,
    "colorHex": "#886135",
    "image": "https://source.unsplash.com/featured/600x600?bag,shoulderbag&sig=23",
    "stock": 3
  },
  {
    "id": "P0024",
    "name": "PeakPro Bag 109",
    "brand": "PeakPro",
    "category": "bag",
    "price": 2360,
    "rating": 4.2,
    "colorHex": "#70635c",
    "image": "https://source.unsplash.com/featured/600x600?bag,shoulderbag&sig=24",
    "stock": 8
  },
  {
    "id": "P0025",
    "name": "SkyHold Bag 110",
    "brand": "SkyHold",
    "category": "bag",
    "price": 3964,
    "rating": 4.6,
    "colorHex": "#e58d4c",
    "image": "https://source.unsplash.com/featured/600x600?bag,shoulderbag&sig=25",
    "stock": 0
  },
  {
    "id": "P0026",
    "name": "MetroGear Bag 111",
    "brand": "MetroGear",
    "category": "bag",
    "price": 3790,
    "rating": 3.7,
    "colorHex": "#38a537",
    "image": "https://source.unsplash.com/featured/600x600?bag,shoulderbag&sig=26",
    "stock": 2
  },
  {
    "id": "P0027",
    "name": "MetroGear Bag 112",
    "brand": "MetroGear",
    "category": "bag",
    "price": 6870,
    "rating": 4.0,
    "colorHex": "#20d1d8",
    "image": "https://source.unsplash.com/featured/600x600?bag,shoulderbag&sig=27",
    "stock": 21
  },
  {
    "id": "P0028",
    "name": "MetroGear Bag 113",
    "brand": "MetroGear",
    "category": "bag",
    "price": 2871,
    "rating": 3.9,
    "colorHex": "#40157b",
    "image": "https://source.unsplash.com/featured/600x600?bag,shoulderbag&sig=28",
    "stock": 6
  },
  {
    "id": "P0029",
    "name": "LuxCarry Backpack 100",
    "brand": "LuxCarry",
    "category": "backpack",
    "price": 6981,
    "rating": 3.6,
    "colorHex": "#342ba0",
    "image": "https://source.unsplash.com/featured/600x600?backpack,rucksack&sig=29",
    "stock": 11
  },
  {
    "id": "P0030",
    "name": "CarryAll Backpack 101",
    "brand": "CarryAll",
    "category": "backpack",
    "price": 8535,
    "rating": 4.1,
    "colorHex": "#773ec9",
    "image": "https://source.unsplash.com/featured/600x600?backpack,rucksack&sig=30",
    "stock": 1
  },
  {
    "id": "P0031",
    "name": "CarryAll Backpack 102",
    "brand": "CarryAll",
    "category": "backpack",
    "price": 2081,
    "rating": 4.4,
    "colorHex": "#1dbe61",
    "image": "https://source.unsplash.com/featured/600x600?backpack,rucksack&sig=31",
    "stock": 3
  },
  {
    "id": "P0032",
    "name": "TrekMate Backpack 103",
    "brand": "TrekMate",
    "category": "backpack",
    "price": 3225,
    "rating": 3.6,
    "colorHex": "#308177",
    "image": "https://source.unsplash.com/featured/600x600?backpack,rucksack&sig=32",
    "stock": 22
  },
  {
    "id": "P0033",
    "name": "PeakPro Backpack 104",
    "brand": "PeakPro",
    "category": "backpack",
    "price": 7991,
    "rating": 4.6,
    "colorHex": "#42b158",
    "image": "https://source.unsplash.com/featured/600x600?backpack,rucksack&sig=33",
    "stock": 9
  },
  {
    "id": "P0034",
    "name": "MetroGear Backpack 105",
    "brand": "MetroGear",
    "category": "backpack",
    "price": 9853,
    "rating": 3.2,
    "colorHex": "#8e878d",
    "image": "https://source.unsplash.com/featured/600x600?backpack,rucksack&sig=34",
    "stock": 13
  },
  {
    "id": "P0035",
    "name": "UrbanTrail Backpack 106",
    "brand": "UrbanTrail",
    "category": "backpack",
    "price": 2160,
    "rating": 4.4,
    "colorHex": "#7f6d36",
    "image": "https://source.unsplash.com/featured/600x600?backpack,rucksack&sig=35",
    "stock": 2
  },
  {
    "id": "P0036",
    "name": "LuxCarry Backpack 107",
    "brand": "LuxCarry",
    "category": "backpack",
    "price": 2489,
    "rating": 4.3,
    "colorHex": "#d573cc",
    "image": "https://source.unsplash.com/featured/600x600?backpack,rucksack&sig=36",
    "stock": 10
  },
  {
    "id": "P0037",
    "name": "StrideX Backpack 108",
    "brand": "StrideX",
    "category": "backpack",
    "price": 9186,
    "rating": 3.4,
    "colorHex": "#ac8b88",
    "image": "https://source.unsplash.com/featured/600x600?backpack,rucksack&sig=37",
    "stock": 4
  },
  {
    "id": "P0038",
    "name": "CarryAll Backpack 109",
    "brand": "CarryAll",
    "category": "backpack",
    "price": 8839,
    "rating": 4.0,
    "colorHex": "#24496e",
    "image": "https://source.unsplash.com/featured/600x600?backpack,rucksack&sig=38",
    "stock": 25
  },
  {
    "id": "P0039",
    "name": "PeakPro Backpack 110",
    "brand": "PeakPro",
    "category": "backpack",
    "price": 3157,
    "rating": 4.2,
    "colorHex": "#b9c5ae",
    "image": "https://source.unsplash.com/featured/600x600?backpack,rucksack&sig=39",
    "stock": 16
  },
  {
    "id": "P0040",
    "name": "BagSmith Backpack 111",
    "brand": "BagSmith",
    "category": "backpack",
    "price": 8581,
    "rating": 3.4,
    "colorHex": "#c73b5f",
    "image": "https://source.unsplash.com/featured/600x600?backpack,rucksack&sig=40",
    "stock": 9
  },
  {
    "id": "P0041",
    "name": "SkyHold Backpack 112",
    "brand": "SkyHold",
    "category": "backpack",
    "price": 6115,
    "rating": 4.3,
    "colorHex": "#bbebb8",
    "image": "https://source.unsplash.com/featured/600x600?backpack,rucksack&sig=41",
    "stock": 24
  },
  {
    "id": "P0042",
    "name": "CarryAll Backpack 113",
    "brand": "CarryAll",
    "category": "backpack",
    "price": 3106,
    "rating": 4.5,
    "colorHex": "#6b184f",
    "image": "https://source.unsplash.com/featured/600x600?backpack,rucksack&sig=42",
    "stock": 12
  },
  {
    "id": "P0043",
    "name": "UrbanTrail Handbag 100",
    "brand": "UrbanTrail",
    "category": "handbag",
    "price": 5993,
    "rating": 3.4,
    "colorHex": "#733c76",
    "image": "https://source.unsplash.com/featured/600x600?handbag,purse&sig=43",
    "stock": 12
  },
  {
    "id": "P0044",
    "name": "StrideX Handbag 101",
    "brand": "StrideX",
    "category": "handbag",
    "price": 7213,
    "rating": 4.4,
    "colorHex": "#922ec1",
    "image": "https://source.unsplash.com/featured/600x600?handbag,purse&sig=44",
    "stock": 23
  },
  {
    "id": "P0045",
    "name": "StrideX Handbag 102",
    "brand": "StrideX",
    "category": "handbag",
    "price": 2479,
    "rating": 4.8,
    "colorHex": "#8c189e",
    "image": "https://source.unsplash.com/featured/600x600?handbag,purse&sig=45",
    "stock": 25
  },
  {
    "id": "P0046",
    "name": "PeakPro Handbag 103",
    "brand": "PeakPro",
    "category": "handbag",
    "price": 6135,
    "rating": 4.5,
    "colorHex": "#b14173",
    "image": "https://source.unsplash.com/featured/600x600?handbag,purse&sig=46",
    "stock": 5
  },
  {
    "id": "P0047",
    "name": "NovaWalk Handbag 104",
    "brand": "NovaWalk",
    "category": "handbag",
    "price": 6685,
    "rating": 3.5,
    "colorHex": "#aaa770",
    "image": "https://source.unsplash.com/featured/600x600?handbag,purse&sig=47",
    "stock": 24
  },
  {
    "id": "P0048",
    "name": "PeakPro Handbag 105",
    "brand": "PeakPro",
    "category": "handbag",
    "price": 1557,
    "rating": 4.7,
    "colorHex": "#2c1653",
    "image": "https://source.unsplash.com/featured/600x600?handbag,purse&sig=48",
    "stock": 12
  },
  {
    "id": "P0049",
    "name": "SkyHold Handbag 106",
    "brand": "SkyHold",
    "category": "handbag",
    "price": 5105,
    "rating": 3.6,
    "colorHex": "#205e69",
    "image": "https://source.unsplash.com/featured/600x600?handbag,purse&sig=49",
    "stock": 11
  },
  {
    "id": "P0050",
    "name": "TrekMate Handbag 107",
    "brand": "TrekMate",
    "category": "handbag",
    "price": 8033,
    "rating": 3.7,
    "colorHex": "#593d52",
    "image": "https://source.unsplash.com/featured/600x600?handbag,purse&sig=50",
    "stock": 8
  },
  {
    "id": "P0051",
    "name": "LuxCarry Handbag 108",
    "brand": "LuxCarry",
    "category": "handbag",
    "price": 7834,
    "rating": 3.9,
    "colorHex": "#ab8edf",
    "image": "https://source.unsplash.com/featured/600x600?handbag,purse&sig=51",
    "stock": 12
  },
  {
    "id": "P0052",
    "name": "PeakPro Handbag 109",
    "brand": "PeakPro",
    "category": "handbag",
    "price": 7375,
    "rating": 3.5,
    "colorHex": "#c75645",
    "image": "https://source.unsplash.com/featured/600x600?handbag,purse&sig=52",
    "stock": 19
  },
  {
    "id": "P0053",
    "name": "SkyHold Handbag 110",
    "brand": "SkyHold",
    "category": "handbag",
    "price": 9583,
    "rating": 4.9,
    "colorHex": "#9f4c27",
    "image": "https://source.unsplash.com/featured/600x600?handbag,purse&sig=53",
    "stock": 25
  },
  {
    "id": "P0054",
    "name": "PeakPro Handbag 111",
    "brand": "PeakPro",
    "category": "handbag",
    "price": 9417,
    "rating": 5.0,
    "colorHex": "#43298e",
    "image": "https://source.unsplash.com/featured/600x600?handbag,purse&sig=54",
    "stock": 18
  },
  {
    "id": "P0055",
    "name": "StrideX Handbag 112",
    "brand": "StrideX",
    "category": "handbag",
    "price": 2679,
    "rating": 3.5,
    "colorHex": "#a11476",
    "image": "https://source.unsplash.com/featured/600x600?handbag,purse&sig=55",
    "stock": 2
  },
  {
    "id": "P0056",
    "name": "CarryAll Handbag 113",
    "brand": "CarryAll",
    "category": "handbag",
    "price": 7833,
    "rating": 4.0,
    "colorHex": "#392fba",
    "image": "https://source.unsplash.com/featured/600x600?handbag,purse&sig=56",
    "stock": 2
  },
  {
    "id": "P0057",
    "name": "TrekMate Duffel 100",
    "brand": "TrekMate",
    "category": "duffel",
    "price": 2191,
    "rating": 4.3,
    "colorHex": "#c15d94",
    "image": "https://source.unsplash.com/featured/600x600?duffel,travel bag&sig=57",
    "stock": 25
  },
  {
    "id": "P0058",
    "name": "BagSmith Duffel 101",
    "brand": "BagSmith",
    "category": "duffel",
    "price": 6059,
    "rating": 4.1,
    "colorHex": "#6fb4a9",
    "image": "https://source.unsplash.com/featured/600x600?duffel,travel bag&sig=58",
    "stock": 21
  },
  {
    "id": "P0059",
    "name": "NovaWalk Duffel 102",
    "brand": "NovaWalk",
    "category": "duffel",
    "price": 6907,
    "rating": 3.9,
    "colorHex": "#732c1a",
    "image": "https://source.unsplash.com/featured/600x600?duffel,travel bag&sig=59",
    "stock": 0
  },
  {
    "id": "P0060",
    "name": "StrideX Duffel 103",
    "brand": "StrideX",
    "category": "duffel",
    "price": 3758,
    "rating": 3.7,
    "colorHex": "#9b3f25",
    "image": "https://source.unsplash.com/featured/600x600?duffel,travel bag&sig=60",
    "stock": 8
  },
  {
    "id": "P0061",
    "name": "MetroGear Duffel 104",
    "brand": "MetroGear",
    "category": "duffel",
    "price": 3387,
    "rating": 4.0,
    "colorHex": "#7b31e0",
    "image": "https://source.unsplash.com/featured/600x600?duffel,travel bag&sig=61",
    "stock": 20
  },
  {
    "id": "P0062",
    "name": "BagSmith Duffel 105",
    "brand": "BagSmith",
    "category": "duffel",
    "price": 5885,
    "rating": 4.8,
    "colorHex": "#3478de",
    "image": "https://source.unsplash.com/featured/600x600?duffel,travel bag&sig=62",
    "stock": 17
  },
  {
    "id": "P0063",
    "name": "TrekMate Duffel 106",
    "brand": "TrekMate",
    "category": "duffel",
    "price": 8686,
    "rating": 4.0,
    "colorHex": "#c6d629",
    "image": "https://source.unsplash.com/featured/600x600?duffel,travel bag&sig=63",
    "stock": 16
  },
  {
    "id": "P0064",
    "name": "NovaWalk Duffel 107",
    "brand": "NovaWalk",
    "category": "duffel",
    "price": 1327,
    "rating": 3.2,
    "colorHex": "#d9836f",
    "image": "https://source.unsplash.com/featured/600x600?duffel,travel bag&sig=64",
    "stock": 18
  },
  {
    "id": "P0065",
    "name": "NovaWalk Duffel 108",
    "brand": "NovaWalk",
    "category": "duffel",
    "price": 802,
    "rating": 4.1,
    "colorHex": "#a8aec1",
    "image": "https://source.unsplash.com/featured/600x600?duffel,travel bag&sig=65",
    "stock": 22
  },
  {
    "id": "P0066",
    "name": "BagSmith Duffel 109",
    "brand": "BagSmith",
    "category": "duffel",
    "price": 6735,
    "rating": 3.0,
    "colorHex": "#66e3bb",
    "image": "https://source.unsplash.com/featured/600x600?duffel,travel bag&sig=66",
    "stock": 21
  },
  {
    "id": "P0067",
    "name": "TrekMate Duffel 110",
    "brand": "TrekMate",
    "category": "duffel",
    "price": 7245,
    "rating": 3.2,
    "colorHex": "#cf18a9",
    "image": "https://source.unsplash.com/featured/600x600?duffel,travel bag&sig=67",
    "stock": 0
  },
  {
    "id": "P0068",
    "name": "BagSmith Duffel 111",
    "brand": "BagSmith",
    "category": "duffel",
    "price": 8764,
    "rating": 3.7,
    "colorHex": "#dee762",
    "image": "https://source.unsplash.com/featured/600x600?duffel,travel bag&sig=68",
    "stock": 22
  },
  {
    "id": "P0069",
    "name": "LuxCarry Duffel 112",
    "brand": "LuxCarry",
    "category": "duffel",
    "price": 6833,
    "rating": 4.0,
    "colorHex": "#474532",
    "image": "https://source.unsplash.com/featured/600x600?duffel,travel bag&sig=69",
    "stock": 23
  },
  {
    "id": "P0070",
    "name": "SkyHold Duffel 113",
    "brand": "SkyHold",
    "category": "duffel",
    "price": 8544,
    "rating": 3.8,
    "colorHex": "#6171d4",
    "image": "https://source.unsplash.com/featured/600x600?duffel,travel bag&sig=70",
    "stock": 9
  },
  {
    "id": "P0071",
    "name": "PeakPro Wallet 100",
    "brand": "PeakPro",
    "category": "wallet",
    "price": 4605,
    "rating": 3.6,
    "colorHex": "#e81974",
    "image": "https://source.unsplash.com/featured/600x600?wallet,leather wallet&sig=71",
    "stock": 16
  },
  {
    "id": "P0072",
    "name": "CarryAll Wallet 101",
    "brand": "CarryAll",
    "category": "wallet",
    "price": 9094,
    "rating": 3.3,
    "colorHex": "#8e8731",
    "image": "https://source.unsplash.com/featured/600x600?wallet,leather wallet&sig=72",
    "stock": 13
  },
  {
    "id": "P0073",
    "name": "SkyHold Wallet 102",
    "brand": "SkyHold",
    "category": "wallet",
    "price": 9545,
    "rating": 3.1,
    "colorHex": "#e14751",
    "image": "https://source.unsplash.com/featured/600x600?wallet,leather wallet&sig=73",
    "stock": 11
  },
  {
    "id": "P0074",
    "name": "StrideX Wallet 103",
    "brand": "StrideX",
    "category": "wallet",
    "price": 4776,
    "rating": 4.7,
    "colorHex": "#cd4d9a",
    "image": "https://source.unsplash.com/featured/600x600?wallet,leather wallet&sig=74",
    "stock": 11
  },
  {
    "id": "P0075",
    "name": "LuxCarry Wallet 104",
    "brand": "LuxCarry",
    "category": "wallet",
    "price": 839,
    "rating": 4.3,
    "colorHex": "#ae74b7",
    "image": "https://source.unsplash.com/featured/600x600?wallet,leather wallet&sig=75",
    "stock": 17
  },
  {
    "id": "P0076",
    "name": "NovaWalk Wallet 105",
    "brand": "NovaWalk",
    "category": "wallet",
    "price": 3109,
    "rating": 4.6,
    "colorHex": "#a67d20",
    "image": "https://source.unsplash.com/featured/600x600?wallet,leather wallet&sig=76",
    "stock": 12
  },
  {
    "id": "P0077",
    "name": "UrbanTrail Wallet 106",
    "brand": "UrbanTrail",
    "category": "wallet",
    "price": 3265,
    "rating": 3.6,
    "colorHex": "#213559",
    "image": "https://source.unsplash.com/featured/600x600?wallet,leather wallet&sig=77",
    "stock": 12
  },
  {
    "id": "P0078",
    "name": "UrbanTrail Wallet 107",
    "brand": "UrbanTrail",
    "category": "wallet",
    "price": 4680,
    "rating": 4.3,
    "colorHex": "#3564e6",
    "image": "https://source.unsplash.com/featured/600x600?wallet,leather wallet&sig=78",
    "stock": 9
  },
  {
    "id": "P0079",
    "name": "UrbanTrail Wallet 108",
    "brand": "UrbanTrail",
    "category": "wallet",
    "price": 7070,
    "rating": 3.8,
    "colorHex": "#6cdf25",
    "image": "https://source.unsplash.com/featured/600x600?wallet,leather wallet&sig=79",
    "stock": 8
  },
  {
    "id": "P0080",
    "name": "LuxCarry Wallet 109",
    "brand": "LuxCarry",
    "category": "wallet",
    "price": 4391,
    "rating": 4.2,
    "colorHex": "#38174e",
    "image": "https://source.unsplash.com/featured/600x600?wallet,leather wallet&sig=80",
    "stock": 7
  },
  {
    "id": "P0081",
    "name": "MetroGear Wallet 110",
    "brand": "MetroGear",
    "category": "wallet",
    "price": 9503,
    "rating": 3.6,
    "colorHex": "#5f9657",
    "image": "https://source.unsplash.com/featured/600x600?wallet,leather wallet&sig=81",
    "stock": 6
  },
  {
    "id": "P0082",
    "name": "UrbanTrail Wallet 111",
    "brand": "UrbanTrail",
    "category": "wallet",
    "price": 7842,
    "rating": 3.2,
    "colorHex": "#615a6a",
    "image": "https://source.unsplash.com/featured/600x600?wallet,leather wallet&sig=82",
    "stock": 2
  },
  {
    "id": "P0083",
    "name": "CarryAll Wallet 112",
    "brand": "CarryAll",
    "category": "wallet",
    "price": 9645,
    "rating": 4.1,
    "colorHex": "#9aaeb6",
    "image": "https://source.unsplash.com/featured/600x600?wallet,leather wallet&sig=83",
    "stock": 7
  },
  {
    "id": "P0084",
    "name": "PeakPro Wallet 113",
    "brand": "PeakPro",
    "category": "wallet",
    "price": 6644,
    "rating": 3.9,
    "colorHex": "#50acad",
    "image": "https://source.unsplash.com/featured/600x600?wallet,leather wallet&sig=84",
    "stock": 10
  }
]